region,liga,temporada,equipo_local,equipo_visitante,resultado,local_jugador_1,visitante_jugador_1,local_jugador_2,visitante_jugador_2,local_jugador_3,visitante_jugador_3,local_jugador_4,visitante_jugador_4,local_jugador_5,visitante_jugador_5,local_jugador_6,visitante_jugador_6,local_jugador_7,visitante_jugador_7,local_jugador_8,visitante_jugador_8,local_jugador_9,visitante_jugador_9,local_jugador_10,visitante_jugador_10,local_jugador_11,visitante_jugador_11
Internacional,Champions League,2025,Athletic Club,Arsenal FC,"0:2
(0:0)",Simón,Raya,Paredes,Mosquera,Vivian,Gabriel,Boiro,Calafiori,Gorosabel,Timber,Vesga,Zubimendi,Jauregizar,Merino,Sancet,Rice,Berenguer,Eze,Williams,Madueke,Navarro,Gyökeres
Internacional,Champions League,2025,PSV Eindhoven,Union Saint-Gilloise,"1:3
(0:2)",Kovar,Scherpen,Flamingo,Burgess,Obispo,Mac Allister,Gasiorowski,Leysen,Dest,Rasmussen,Schouten,Zorgane,Veerman,Khalaili,Saibari,Niang,van Bommel,Ait El Hadj,Perišić,Rodríguez,Pepi,David
Internacional,Champions League,2025,Juventus de Turín,Borussia Dortmund,"4:4
(0:0)",Di Gregorio,Kobel,Kelly,Anton,Kalulu,Bensebaini,Bremer,Svensson,Cambiaso,Ryerson,Koopmeiners,Nmecha,McKennie,Sabitzer,Thuram,Couto,Yıldız,Adeyemi,Openda,Guirassy,David,Beier
Internacional,Champions League,2025,Real Madrid CF,Olympique de Marsella,"2:1
(1:1)",Courtois,Rulli,Militão,Balerdi,Huijsen,Medina,Carreras,Pavard,Alexander-.,Emerson,Tchouaméni,Kondogbia,Valverde,Højbjerg,Güler,O'Riley,Rodrygo,Weah,Mastantuono,Greenwood,Mbappé,Aubameyang
Internacional,Champions League,2025,SL Benfica,Qarabağ FK,"2:3
(2:1)",Trubin,Kochalski,Silva,Mustafazada,Otamendi,Medina,Dahl,Cafarquliyev,Dedić,Matheus Si.,Barrenechea,Bicalho,Ríos,Jankovic,Aursnes,Borges,Sudakov,Zoubir,Schjelderup,Leandro An.,Pavlidis,Durán
Internacional,Champions League,2025,Tottenham Hotspur,Villarreal CF,"1:0
(1:0)",Vicario,Luiz Júnior,Romero,Foyth,van de Ven,Veiga,Spence,Cardona,Porro,Mouriño,Bentancur,Comesaña,Sarr,Gueye,Bergvall,Buchanan,Simons,Pépé,Kudus,Pérez,Richarlison,Mikautadze
Internacional,Champions League,2025,Olympiacos El Pireo,Pafos FC,"0:0
(0:0)",Paschalakis,Michail,Pirola,David Luiz,Retsos,Luckassen,Ortega,Goldar,Rodinei,Bruno,Hezze,Šunjić,García,Pêpê,Chiquinho,Dragomir,Podence,Jajá,Strefezza,Correia,El Kaabi,Dimata
Internacional,Champions League,2025,SK Slavia Praga,FK Bodø/Glimt,"2:2
(1:0)",Stanek,Haikin,Zima,Gundersen,Holes,Aleesami,Mbodji,Bjørtuft,Oscar,Sjøvold,Sadílek,Berg,Zafeiris,Auklend,Doudera,Evjen,Kusej,Hauge,Provod,Jørgensen,Chory,Høgh
Internacional,Champions League,2025,Ajax de Ámsterdam,Inter de Milán,"0:2
(0:1)",Jaros,Sommer,Baas,de Vrij,Itakura,Akanji,Wijndal,Bastoni,Gaaei,Dimarco,Regeer,Dumfries,Klaassen,Çalhanoğlu,Taylor,Mkhitaryan,Edvardsen,Barella,Godts,Esposito,Weghorst,Thuram
Internacional,Champions League,2025,París Saint-Germain FC,Atalanta de Bérgamo,"4:0
(2:0)",Chevalier,Carnesecchi,Marquinhos,Hien,Pacho,Kossounou,Mendes,Djimsiti,Hakimi,de Roon,Vitinha,Pašalić,Neves,Musah,Ruiz,Bellanova,Mayulu,Bernasconi,Barcola,Maldini,Kvaratskhe.,De Ketelaere
Internacional,Champions League,2025,Bayern Múnich,Chelsea FC,"3:1
(2:1)",Neuer,Sánchez,Tah,Chalobah,Upamecano,Adarabioyo,Stanisic,Cucurella,Laimer,Gusto,Pavlovic,James,Kimmich,Caicedo,Díaz,Fernández,Olise,Palmer,Gnabry,Neto,Kane,João Pedro
Internacional,Champions League,2025,Liverpool FC,Atlético de Madrid,"3:2
(2:1)",Alisson,Oblak,Konaté,Lenglet,van Dijk,Le Normand,Robertson,Galán,Frimpong,Llorente,Gravenberch,Gallagher,Wirtz,Barrios,Szoboszlai,González,Gakpo,Simeone,Salah,Raspadori,Isak,Griezmann
Internacional,Champions League,2025,Club Brujas KV,AS Mónaco,"4:1
(3:0)",Mignolet,Köhn,Ordóñez,Mawissa,Mechele,Dier,Meijer,Caio Henri.,Sabbe,Vanderson,Onyedika,Bamba,Stanković,Camara,Vanaken,Minamino,Tzolis,Akliouche,Forbs,Biereth,Tresoldi,Balogun
Internacional,Champions League,2025,FC Copenhague,Bayer 04 Leverkusen,"2:2
(1:0)",Kotarski,Flekken,Hatzidiakos,Quansah,Gabriel Pe.,Tapsoba,López,Badé,Huescas,Grimaldo,Lerager,Vázquez,Delaney,Andrich,Achouri,Fernández,Larsson,Tillman,Elyounoussi,Ben Seghir,Moukoko,Schick
Internacional,Champions League,2025,Manchester City,SSC Nápoles,"2:0
(0:0)",Donnarumma,Milinković.,Dias,Buongiorno,Gvardiol,Beukema,Khusanov,Spinazzola,O'Reilly,Di Lorenzo,Rodri,Lobotka,Reijnders,McTominay,Foden,Anguissa,Silva,De Bruyne,Doku,Politano,Haaland,Højlund
Internacional,Champions League,2025,Eintracht Fráncfort​​,Galatasaray,"5:1
(3:1)",Zetterer,Çakır,Koch,Sánchez,Theate,Singo,Collins,Elmalı,Brown,Sallai,Larsson,Torreira,Uzun,Lemina,Chaïbi,Gündoğan,Knauff,Yılmaz,Doan,Akgün,Burkardt,Sané
Internacional,Champions League,2025,Sporting de Lisboa,Kairat Almaty,"4:1
(1:0)",Virgínia,Kalmurza,Quaresma,Sorokin,Inácio,Martynovich,Araújo,Mata,Fresneda,Mrynskiy,Hjulmand,Tapalov,Kochorashv.,Arad,Trincão,Kasabulat,Gonçalves,Gromyko,Quenda,Jorginho,Suárez,Satpaev
Internacional,Champions League,2025,Newcastle United,FC Barcelona,"1:2
(0:0)",Pope,García,Burn,Araujo,Schär,Martín,Trippier,Cubarsí,Livramento,Koundé,Tonali,de Jong,Guimarães,Pedri,Joelinton,López,Gordon,Raphinha,Barnes,Rashford,Elanga,Lewandowski
Internacional,Champions League,2025,Atalanta de Bérgamo,Club Brujas KV,"2:1
(0:1)",Carnesecchi,Jackers,Djimsiti,Ordóñez,Kossounou,Mechele,Ahanor,Seys,de Roon,Sabbe,Pašalić,Stanković,Éderson,Vanaken,Bellanova,Sandra,Bernasconi,Tzolis,Lookman,Forbs,Krstović,Tresoldi
Internacional,Champions League,2025,Kairat Almaty,Real Madrid CF,"0:5
(0:1)",Kalmurza,Courtois,Sorokin,Alaba,Martynovich,Huijsen,Mata,Asencio,Mrynskiy,García,Tapalov,Tchouaméni,Arad,Ceballos,Kasabulat,Güler,Gromyko,Vinicius J.,Satpaev,Mastantuono,Jorginho,Mbappé
Internacional,Champions League,2025,Inter de Milán,SK Slavia Praga,"3:0
(2:0)",Sommer,Stanek,Acerbi,Vlcek,Bastoni,Zima,Bisseck,Chaloupek,Dimarco,Hashioka,Dumfries,Oscar,Çalhanoğlu,Sadílek,Sučić,Zafeiris,Zielinski,Doudera,Martínez,Kusej,Thuram,Provod
Internacional,Champions League,2025,Chelsea FC,SL Benfica,"1:0
(1:0)",Sánchez,Trubin,Chalobah,Silva,Badiashile,Otamendi,Cucurella,Dahl,Gusto,Dedić,Caicedo,Barrenechea,Fernández,Ríos,Buonanotte,Aursnes,George,Sudakov,Garnacho,Lukébakio,Neto,Pavlidis
Internacional,Champions League,2025,Atlético de Madrid,Eintracht Fráncfort​​,"5:1
(3:0)",Oblak,Santos,Lenglet,Koch,Le Normand,Theate,Ruggeri,Collins,Llorente,Brown,Gallagher,Skhiri,Barrios,Uzun,Simeone,Chaïbi,Griezmann,Knauff,Raspadori,Doan,Alvarez,Burkardt
Internacional,Champions League,2025,FK Bodø/Glimt,Tottenham Hotspur,"2:2
(0:0)",Haikin,Vicario,Aleesami,Danso,Bjørtuft,van de Ven,Bjørkan,Spence,Sjøvold,Porro,Berg,Bentancur,Auklend,Sarr,Evjen,Bergvall,Fet,Odobert,Hauge,Johnson,Høgh,Richarlison
Internacional,Champions League,2025,Olympique de Marsella,Ajax de Ámsterdam,"4:0
(3:0)",Rulli,Jaros,Aguerd,Baas,Medina,Itakura,Pavard,Wijndal,Emerson,Rosa,Vermeeren,Regeer,O'Riley,Klaassen,Nadir,Taylor,Paixão,Gloukh,Greenwood,Godts,Aubameyang,Berghuis
Internacional,Champions League,2025,Galatasaray,Liverpool FC,"1:0
(1:0)",Çakır,Alisson,Sánchez,Konaté,Bardakcı,van Dijk,Singo,Kerkez,Jakobs,Frimpong,Torreira,Gravenberch,Lemina,Jones,Gündoğan,Wirtz,Yılmaz,Szoboszlai,Akgün,Gakpo,Osimhen,Ekitiké
Internacional,Champions League,2025,Pafos FC,Bayern Múnich,"1:5
(1:4)",Michail,Neuer,Goldar,Kim,Luckassen,Upamecano,David Luiz,Guerreiro,Pileas,Laimer,Šunjić,Kimmich,Pêpê,Pavlovic,Dragomir,Díaz,Orsic,Olise,Jajá,Kane,Anderson S.,Jackson
Internacional,Champions League,2025,Union Saint-Gilloise,Newcastle United,"0:4
(0:2)",Scherpen,Pope,Burgess,Botman,Leysen,Thiaw,Mac Allister,Burn,Van De Perre,Trippier,Zorgane,Tonali,Khalaili,Joelinton,Niang,Guimarães,Ait El Hadj,Gordon,David,Elanga,Rodríguez,Woltemade
Internacional,Champions League,2025,Qarabağ FK,FC Copenhague,"2:0
(1:0)",Kochalski,Kotarski,Mustafazada,Hatzidiakos,Medina,Gabriel Pe.,Cafarquliyev,López,Matheus Si.,Huescas,Bicalho,Lerager,Borges,Delaney,Zoubir,Robert,Leandro An.,Larsson,Kashchuk,Elyounoussi,Durán,Moukoko
Internacional,Champions League,2025,Borussia Dortmund,Athletic Club,"4:1
(1:0)",Kobel,Simón,Anton,Paredes,Süle,Vivian,Bensebaini,Lekue,Svensson,Gorosabel,Ryerson,Rego,Sabitzer,Jauregizar,Bellingham,Gómez,Chukwuemeka,Navarro,Adeyemi,Williams,Guirassy,Sannadi
Internacional,Champions League,2025,FC Barcelona,París Saint-Germain FC,"1:2
(1:1)",Szczesny,Chevalier,García,Zabarnyi,Cubarsí,Pacho,Martín,Mendes,Koundé,Hakimi,de Jong,Vitinha,Pedri,Zaïre-Emery,Olmo,Ruiz,Rashford,Mayulu,Lamine Yamal,Barcola,Torres,Mbaye
Internacional,Champions League,2025,Arsenal FC,Olympiacos El Pireo,"2:0
(1:0)",Raya,Tzolakis,Saliba,Pirola,Gabriel,Retsos,White,Ortega,Zubimendi,Costinha,Merino,Hezze,Lewis-Skelly,García,Ødegaard,Chiquinho,Trossard,Podence,Martinelli,Martins,Gyökeres,El Kaabi
Internacional,Champions League,2025,Bayer 04 Leverkusen,PSV Eindhoven,"1:1
(0:0)",Flekken,Kovar,Quansah,Obispo,Tapsoba,Gasiorowski,Badé,Salah-Eddine,Tape,Mauro Júnior,Grimaldo,Schouten,Fernández,Veerman,García,Til,Tillman,Saibari,Poku,Perišić,Kofane,Man
Internacional,Champions League,2025,Villarreal CF,Juventus de Turín,"2:2
(1:0)",Tenas,Perin,Veiga,Kelly,Marín,Kalulu,Pedraza,Gatti,Mouriño,Cambiaso,Gueye,Cabal,Comesaña,Koopmeiners,Parejo,Locatelli,Pépé,McKennie,Buchanan,Yıldız,Mikautadze,David
Internacional,Champions League,2025,SSC Nápoles,Sporting de Lisboa,"2:1
(1:0)",Milinković.,Silva,Beukema,Inácio,Juan Jesus,Quaresma,Gutiérrez,Araújo,Spinazzola,Fresneda,Lobotka,Hjulmand,Anguissa,Simões,McTominay,Trincão,De Bruyne,Catamo,Politano,Quenda,Højlund,Ioannidis
Internacional,Champions League,2025,AS Mónaco,Manchester City,"2:2
(1:2)",Köhn,Donnarumma,Salisu,Dias,Dier,Gvardiol,Kehrer,Stones,Teze,O'Reilly,Vanderson,Rodri,Coulibaly,Reijnders,Diatta,Foden,Fati,Silva,Akliouche,Doku,Balogun,Haaland
Internacional,Champions League,2025,FC Barcelona,Olympiacos El Pireo,"6:1
(2:0)",Szczesny,Tzolakis,García,Pirola,Cubarsí,Retsos,Balde,Ortega,Koundé,Costinha,Casadó,Hezze,Pedri,García,López,Chiquinho,Fernández,Podence,Rashford,Martins,Lamine Yamal,El Kaabi
Internacional,Champions League,2025,Kairat Almaty,Pafos FC,"0:0
(0:0)",Anarbekov,Michail,Sorokin,David Luiz,Martynovich,Luckassen,Mata,Pileas,Mrynskiy,Bruno,Tapalov,Šunjić,Glazer,Pêpê,Arad,Quina,Gromyko,Dragomir,Satpaev,Orsic,Jorginho,Correia
Internacional,Champions League,2025,Arsenal FC,Atlético de Madrid,"4:0
(0:0)",Raya,Oblak,Saliba,Giménez,Gabriel,Le Normand,Timber,Hancko,Zubimendi,Llorente,Rice,Koke,Lewis-Skelly,Barrios,Eze,González,Martinelli,Simeone,Saka,Alvarez,Gyökeres,Sørloth
Internacional,Champions League,2025,Bayer 04 Leverkusen,París Saint-Germain FC,"2:7
(1:4)",Flekken,Chevalier,Tapsoba,Zabarnyi,Badé,Pacho,Grimaldo,Mendes,Arthur,Hakimi,Andrich,Vitinha,Fernández,Zaïre-Emery,García,Mayulu,Echeverri,Barcola,Poku,Kvaratskhe.,Kofane,Doué
Internacional,Champions League,2025,Villarreal CF,Manchester City,"0:2
(0:2)",Luiz Júnior,Donnarumma,Foyth,Dias,Veiga,Stones,Pedraza,Gvardiol,Mouriño,Lewis,Partey,Nunes,Gueye,González,Comesaña,Silva,Pépé,Doku,Buchanan,Savinho,Mikautadze,Haaland
Internacional,Champions League,2025,PSV Eindhoven,SSC Nápoles,"6:2
(2:1)",Kovar,Milinković.,Gasiorowski,Buongiorno,Flamingo,Beukema,Salah-Eddine,Spinazzola,Mauro Júnior,Di Lorenzo,Schouten,Gilmour,Veerman,Anguissa,Til,McTominay,Saibari,De Bruyne,Perišić,Politano,Man,Lucca
Internacional,Champions League,2025,FC Copenhague,Borussia Dortmund,"2:4
(1:1)",Kotarski,Kobel,Gabriel Pe.,Anton,Suzuki,Bensebaini,Hatzidiakos,Schlotterb.,Meling,Svensson,Lerager,Bellingham,Clem,Nmecha,Achouri,Couto,Larsson,Brandt,Claesson,Guirassy,Moukoko,Beier
Internacional,Champions League,2025,Union Saint-Gilloise,Inter de Milán,"0:4
(0:2)",Scherpen,Sommer,Burgess,Bisseck,Mac Allister,Bastoni,Leysen,de Vrij,Rasmussen,Carlos Aug.,Van De Perre,Dumfries,Zorgane,Çalhanoğlu,Khalaili,Zielinski,Niang,Frattesi,Ait El Hadj,Esposito,David,Martínez
Internacional,Champions League,2025,Newcastle United,SL Benfica,"3:0
(1:0)",Pope,Trubin,Botman,Silva,Thiaw,Otamendi,Burn,Araújo,Trippier,Dedić,Ramsey,Ríos,Guimarães,Barrenechea,Miley,Aursnes,Gordon,Sudakov,Murphy,Lukébakio,Woltemade,Pavlidis
Internacional,Champions League,2025,Galatasaray,FK Bodø/Glimt,"3:1
(2:0)",Çakır,Haikin,Sánchez,Aleesami,Bardakcı,Bjørtuft,Jakobs,Bjørkan,Sallai,Sjøvold,Torreira,Berg,Lemina,Auklend,Yılmaz,Evjen,Akgün,Fet,Sané,Hauge,Osimhen,Høgh
Internacional,Champions League,2025,Athletic Club,Qarabağ FK,"3:1
(1:1)",Simón,Kochalski,Paredes,Mustafazada,Laporte,Medina,Berchiche,Cafarquliyev,Gorosabel,Matheus Si.,Jauregizar,Bicalho,Rego,Borges,Sancet,Zoubir,Williams,Leandro An.,Guruzeta,Akhundzada,Álex Padilla,Durán
Internacional,Champions League,2025,Real Madrid CF,Juventus de Turín,"1:0
(0:0)",Courtois,Di Gregorio,Militão,Kelly,Asencio,Rugani,Carreras,Gatti,Tchouaméni,Kalulu,Valverde,Cambiaso,Bellingham,Koopmeiners,Güler,McKennie,Vinicius J.,Thuram,Díaz,Yıldız,Mbappé,Vlahović
Internacional,Champions League,2025,Bayern Múnich,Club Brujas KV,"4:0
(3:0)",Neuer,Jackers,Tah,Ordóñez,Upamecano,Mechele,Guerreiro,Meijer,Laimer,Sabbe,Kimmich,Audoor,Pavlovic,Stanković,Karl,Vanaken,Díaz,Tzolis,Olise,Forbs,Kane,Tresoldi
Internacional,Champions League,2025,Chelsea FC,Ajax de Ámsterdam,"5:1
(4:1)",Jørgensen,Pasveer,Adarabioyo,Sutalo,Fofana,Baas,Hato,Itakura,Caicedo,Rosa,Lavia,McConnell,Fernández,Taylor,Buonanotte,Gloukh,Gittens,Moro,Estêvão,Godts,Guiu,Weghorst
Internacional,Champions League,2025,Eintracht Fráncfort​​,Liverpool FC,"1:5
(1:3)",Zetterer,Mamardashv.,Koch,van Dijk,Theate,Konaté,Amenda,Robertson,Brown,Frimpong,Kristensen,Jones,Larsson,Szoboszlai,Götze,Wirtz,Bahoya,Gakpo,Knauff,Isak,Doan,Ekitiké
Internacional,Champions League,2025,Sporting de Lisboa,Olympique de Marsella,"2:1
(0:1)",Silva,Rulli,Inácio,Aguerd,Debast,Balerdi,Araújo,Pavard,Fresneda,Emerson,Hjulmand,Vermeeren,Simões,Højbjerg,Trincão,Weah,Gonçalves,Paixão,Quenda,Greenwood,Suárez,Aubameyang
Internacional,Champions League,2025,AS Mónaco,Tottenham Hotspur,"0:0
(0:0)",Köhn,Vicario,Salisu,Danso,Kehrer,van de Ven,Caio Henri.,Porro,Ouattara,Palhinha,Teze,Bentancur,Coulibaly,Bergvall,Diatta,Gray,Fati,Odobert,Akliouche,Kudus,Balogun,Richarlison
Internacional,Champions League,2025,Atalanta de Bérgamo,SK Slavia Praga,"0:0
(0:0)",Carnesecchi,Markovic,Hien,Vlcek,Djimsiti,Boril,Kossounou,Zima,de Roon,Mbodji,Éderson,Moses,Zappacosta,Oscar,Bernasconi,Zafeiris,De Ketelaere,Provod,Lookman,Kusej,Krstović,Chory
Internacional,Champions League,2025,SK Slavia Praga,Arsenal FC,"0:3
(0:1)",Markovic,Raya,Vlcek,Saliba,Zima,Gabriel,Chaloupek,Hincapié,Mbodji,Timber,Moses,Nørgaard,Sadílek,Merino,Zafeiris,Rice,Provod,Nwaneri,Sanyang,Trossard,Chory,Saka
Internacional,Champions League,2025,SSC Nápoles,Eintracht Fráncfort​​,"0:0
(0:0)",Milinković.,Zetterer,Buongiorno,Koch,Rrahmani,Theate,Gutiérrez,Collins,Di Lorenzo,Brown,Lobotka,Kristensen,Anguissa,Larsson,McTominay,Götze,Elmas,Chaïbi,Politano,Bahoya,Højlund,Burkardt
Internacional,Champions League,2025,Liverpool FC,Real Madrid CF,"1:0
(0:0)",Mamardashv.,Courtois,Konaté,Militão,van Dijk,Huijsen,Robertson,Carreras,Bradley,Tchouaméni,Gravenberch,Camavinga,Mac Allister,Valverde,Szoboszlai,Bellingham,Wirtz,Güler,Salah,Vinicius J.,Ekitiké,Mbappé
Internacional,Champions League,2025,Tottenham Hotspur,FC Copenhague,"4:0
(1:0)",Vicario,Kotarski,Romero,Gabriel Pe.,van de Ven,Suzuki,Udogie,Hatzidiakos,Porro,López,Bentancur,Lerager,Sarr,Clem,Simons,Achouri,Odobert,Larsson,Johnson,Elyounoussi,Kolo Muani,Moukoko
Internacional,Champions League,2025,París Saint-Germain FC,Bayern Múnich,"1:2
(0:2)",Chevalier,Neuer,Marquinhos,Tah,Pacho,Upamecano,Mendes,Laimer,Hakimi,Stanisic,Vitinha,Kimmich,Zaïre-Emery,Pavlovic,Ruiz,Díaz,Kvaratskhe.,Olise,Barcola,Gnabry,Dembélé,Kane
Internacional,Champions League,2025,Juventus de Turín,Sporting de Lisboa,"1:1
(1:1)",Di Gregorio,Silva,Kalulu,Inácio,Gatti,Diomande,Cambiaso,Araújo,Locatelli,Vagiannidis,Koopmeiners,Hjulmand,McKennie,Simões,Thuram,Trincão,Yıldız,Gonçalves,Conceição,Quenda,Vlahović,Ioannidis
Internacional,Champions League,2025,Atlético de Madrid,Union Saint-Gilloise,"3:1
(1:0)",Oblak,Scherpen,Hancko,Burgess,Le Normand,Mac Allister,Ruggeri,Sykes,Molina,Van De Perre,Koke,Zorgane,Barrios,Schoofs,Baena,Khalaili,Simeone,Niang,Griezmann,Ait El Hadj,Alvarez,Rodríguez
Internacional,Champions League,2025,FK Bodø/Glimt,AS Mónaco,"0:1
(0:1)",Haikin,Köhn,Moe,Salisu,Bjørtuft,Kehrer,Bjørkan,Caio Henri.,Sjøvold,Ouattara,Berg,Teze,Auklend,Coulibaly,Evjen,Golovin,Fet,Minamino,Hauge,Akliouche,Høgh,Balogun
Internacional,Champions League,2025,Olympiacos El Pireo,PSV Eindhoven,"1:1
(1:0)",Tzolakis,Kovar,Pirola,Gasiorowski,Retsos,Salah-Eddine,Ortega,Mauro Júnior,Rodinei,Dest,García,Schouten,Mouzakitis,Veerman,Chiquinho,Til,Podence,Saibari,Martins,Perišić,El Kaabi,Man
Internacional,Champions League,2025,Qarabağ FK,Chelsea FC,"2:2
(2:1)",Kochalski,Sánchez,Mustafazada,Adarabioyo,Medina,Hato,Cafarquliyev,Cucurella,Matheus Si.,James,Bicalho,Lavia,Jankovic,Santos,Borges,George,Zoubir,Gittens,Leandro An.,Estêvão,Durán,João Pedro
Internacional,Champions League,2025,Pafos FC,Villarreal CF,"1:0
(0:0)",Michail,Luiz Júnior,Goldar,Foyth,David Luiz,Veiga,Luckassen,Cardona,Sema,Mouriño,Bruno,Parejo,Šunjić,Gueye,Quina,Moleiro,Pêpê,Pépé,Dragomir,Pérez,Orsic,Mikautadze
Internacional,Champions League,2025,Inter de Milán,Kairat Almaty,"2:1
(1:0)",Sommer,Anarbekov,de Vrij,Sorokin,Bisseck,Shirobokov,Dimarco,Mata,Carlos Aug.,Mrynskiy,Dumfries,Kasabulat,Zielinski,Arad,Frattesi,Gromyko,Barella,Jorginho,Esposito,Edmilson,Martínez,Satpaev
Internacional,Champions League,2025,Manchester City,Borussia Dortmund,"4:1
(2:0)",Donnarumma,Kobel,Gvardiol,Anton,Stones,Schlotterb.,O'Reilly,Bensebaini,Nunes,Svensson,González,Ryerson,Reijnders,Sabitzer,Foden,Nmecha,Savinho,Adeyemi,Doku,Guirassy,Haaland,Beier
Internacional,Champions League,2025,Ajax de Ámsterdam,Galatasaray,"0:3
(0:0)",Pasveer,Çakır,Sutalo,Sánchez,Baas,Singo,Wijndal,Bardakcı,Gaaei,Jakobs,Mokio,Sallai,Regeer,Torreira,Klaassen,Lemina,Gloukh,Sara,Godts,Sané,Weghorst,Osimhen
Internacional,Champions League,2025,Club Brujas KV,FC Barcelona,"3:3
(2:1)",Jackers,Szczesny,Ordóñez,García,Mechele,Araujo,Seys,Balde,Sabbe,Koundé,Onyedika,Casadó,Stanković,de Jong,Vanaken,López,Tzolis,Rashford,Forbs,Lamine Yamal,Tresoldi,Torres
Internacional,Champions League,2025,Olympique de Marsella,Atalanta de Bérgamo,"0:1
(0:0)",Rulli,Carnesecchi,Egan-Riley,Djimsiti,Aguerd,Ahanor,Pavard,Kossounou,Garcia,de Roon,Murillo,Éderson,Højbjerg,Zappacosta,O'Riley,Bellanova,Paixão,De Ketelaere,Greenwood,Lookman,Aubameyang,Krstović
Internacional,Champions League,2025,SL Benfica,Bayer 04 Leverkusen,"0:1
(0:0)",Trubin,Flekken,Araújo,Quansah,Otamendi,Tapsoba,Dahl,Badé,Ríos,Grimaldo,Barrenechea,Arthur,Barreiro,García,Aursnes,Maza,Sudakov,Echeverri,Lukébakio,Poku,Pavlidis,Kofane
Internacional,Champions League,2025,Newcastle United,Athletic Club,"2:0
(1:0)",Pope,Simón,Botman,Paredes,Thiaw,Vivian,Burn,Boiro,Trippier,Areso,Tonali,Vesga,Joelinton,Jauregizar,Guimarães,Rego,Barnes,Gómez,Gordon,Berenguer,Woltemade,Navarro
Internacional,Champions League,2025,Ajax de Ámsterdam,SL Benfica,"0:2
(0:1)",Jaros,Trubin,Sutalo,Silva,Itakura,Otamendi,Baas,Dahl,Wijndal,Dedić,Regeer,Ríos,Taylor,Barrenechea,Klaassen,Barreiro,Bounida,Aursnes,Godts,Sudakov,Weghorst,Pavlidis
Internacional,Champions League,2025,Galatasaray,Union Saint-Gilloise,"0:1
(0:0)",Çakır,Scherpen,Sánchez,Burgess,Bardakcı,Mac Allister,Jakobs,Sykes,Sallai,Van De Perre,Torreira,Zorgane,Gündoğan,Khalaili,Sara,Niang,Yılmaz,Ait El Hadj,Sané,David,Icardi,Florucz
Internacional,Champions League,2025,SSC Nápoles,Qarabağ FK,"2:0
(0:0)",Milinković.,Kochalski,Buongiorno,Mustafazada,Beukema,Medina,Rrahmani,Cafarquliyev,Olivera,Matheus Si.,Di Lorenzo,Bicalho,Lobotka,Jankovic,McTominay,Zoubir,Lang,Addai,Neres,Leandro An.,Højlund,Durán
Internacional,Champions League,2025,Olympique de Marsella,Newcastle United,"2:1
(0:1)",Rulli,Pope,Balerdi,Burn,Pavard,Thiaw,Emerson,Schär,Vermeeren,Livramento,Højbjerg,Tonali,Weah,Willock,Bakola,Guimarães,Paixão,Gordon,Greenwood,Barnes,Aubameyang,Murphy
Internacional,Champions League,2025,FK Bodø/Glimt,Juventus de Turín,"2:3
(1:0)",Haikin,Perin,Aleesami,Kelly,Bjørtuft,Kalulu,Määttä,Cambiaso,Bjørkan,Locatelli,Sjøvold,Koopmeiners,Berg,McKennie,Evjen,Miretti,Fet,Adžić,Blomberg,Conceição,Høgh,Openda
Internacional,Champions League,2025,SK Slavia Praga,Athletic Club,"0:0
(0:0)",Stanek,Simón,Zima,Paredes,Chaloupek,Vivian,Mbodji,Boiro,Zafeiris,Areso,Sadílek,Rego,Moses,Ruiz de Ga.,Doudera,Sancet,Sanyang,Berenguer,Provod,Navarro,Chory,Guruzeta
Internacional,Champions League,2025,Chelsea FC,FC Barcelona,"3:0
(1:0)",Sánchez,García,Chalobah,Araujo,Fofana,Cubarsí,Cucurella,Balde,Gusto,Koundé,James,de Jong,Caicedo,López,Fernández,Lamine Yamal,Garnacho,Torres,Neto,Lewandowski,Estêvão,Diego Kochen
Internacional,Champions League,2025,Manchester City,Bayer 04 Leverkusen,"0:2
(0:1)",Trafford,Flekken,Stones,Belocian,Aké,Quansah,Khusanov,Badé,Aït-Nouri,Grimaldo,Lewis,García,González,Tillman,Reijnders,Maza,Savinho,Poku,Bobb,Schick,Marmoush,Kofane
Internacional,Champions League,2025,Borussia Dortmund,Villarreal CF,"4:0
(1:0)",Kobel,Luiz Júnior,Anton,Foyth,Anselmino,Veiga,Schlotterb.,Cardona,Svensson,Mouriño,Sabitzer,Partey,Nmecha,Gueye,Couto,Comesaña,Brandt,Pépé,Adeyemi,Buchanan,Guirassy,Oluwaseyi
Internacional,Champions League,2025,FC Copenhague,Kairat Almaty,"3:2
(1:0)",Kotarski,Anarbekov,Gabriel Pe.,Sorokin,Suzuki,Shirobokov,Hatzidiakos,Mrynskiy,López,Tapalov,Clem,Kasabulat,Lerager,Glazer,Robert,Gromyko,Larsson,Satpaev,Claesson,Jorginho,Dadason,Edmilson
Internacional,Champions League,2025,Pafos FC,AS Mónaco,"2:2
(1:2)",Michail,Hradecky,David Luiz,Salisu,Luckassen,Caio Henri.,Goldar,Teze,Bruno,Vanderson,Šunjić,Zakaria,Quina,Camara,Pêpê,Golovin,Dragomir,Minamino,Orsic,Akliouche,Anderson S.,Balogun
Internacional,Champions League,2025,Eintracht Fráncfort​​,Atalanta de Bérgamo,"0:3
(0:0)",Zetterer,Carnesecchi,Koch,Hien,Theate,Djimsiti,Collins,Kossounou,Brown,de Roon,Dahoud,Éderson,Götze,Bellanova,Chaïbi,Zappacosta,Knauff,De Ketelaere,Doan,Lookman,Burkardt,Scamacca
Internacional,Champions League,2025,Olympiacos El Pireo,Real Madrid CF,"3:4
(1:3)",Tzolakis,Lunin,Pirola,Asencio,Retsos,Carreras,Ortega,Mendy,Rodinei,Alexander-.,García,Tchouaméni,Mouzakitis,Valverde,Chiquinho,Camavinga,Podence,Güler,Martins,Vinicius J.,El Kaabi,Mbappé
Internacional,Champions League,2025,París Saint-Germain FC,Tottenham Hotspur,"5:3
(1:1)",Chevalier,Vicario,Marquinhos,van de Ven,Pacho,Romero,Mendes,Spence,Vitinha,Porro,Neves,Bentancur,Ruiz,Gray,Zaïre-Emery,Sarr,Barcola,Bergvall,Kvaratskhe.,Kolo Muani,Ndjantou,Richarlison
Internacional,Champions League,2025,Liverpool FC,PSV Eindhoven,"1:4
(1:1)",Mamardashv.,Kovar,Konaté,Gasiorowski,van Dijk,Salah-Eddine,Kerkez,Mauro Júnior,Gravenberch,Dest,Mac Allister,Schouten,Jones,Veerman,Szoboszlai,Saibari,Gakpo,Til,Salah,Perišić,Ekitiké,Man
Internacional,Champions League,2025,Sporting de Lisboa,Club Brujas KV,"3:0
(2:0)",Silva,Jackers,Diomande,Ordóñez,Inácio,Mechele,Araújo,Seys,Fresneda,Siquet,Hjulmand,Stanković,Simões,Onyedika,Trincão,Vanaken,Quenda,Tzolis,Catamo,Forbs,Suárez,Vermant
Internacional,Champions League,2025,Atlético de Madrid,Inter de Milán,"2:1
(1:0)",Musso,Sommer,Hancko,Bisseck,Giménez,Bastoni,Ruggeri,Akanji,Molina,Carlos Aug.,Barrios,Dimarco,Gallagher,Çalhanoğlu,Cardoso,Zielinski,Baena,Barella,Simeone,Martínez,Alvarez,Bonny
Internacional,Champions League,2025,Arsenal FC,Bayern Múnich,"3:1
(1:1)",Raya,Neuer,Saliba,Upamecano,Mosquera,Tah,Timber,Stanisic,Zubimendi,Laimer,Merino,Kimmich,Rice,Pavlovic,Lewis-Skelly,Karl,Eze,Olise,Trossard,Gnabry,Saka,Kane
Internacional,Champions League,2025,Kairat Almaty,Olympiacos El Pireo,"0:1
(0:0)",Anarbekov,Tzolakis,Sorokin,Pirola,Shirobokov,Biancone,Mata,Ortega,Tapalov,Rodinei,Mrynskiy,Hezze,Baybek,Mouzakitis,Glazer,Chiquinho,Zaria,Podence,Edmilson,Martins,Ricardinho,El Kaabi
Internacional,Champions League,2025,Bayern Múnich,Sporting de Lisboa,"3:1
(0:0)",Neuer,Silva,Upamecano,Diomande,Tah,Quaresma,Laimer,Araújo,Stanisic,Matheus Reis,Kimmich,Fresneda,Pavlovic,Hjulmand,Karl,Simões,Olise,Santos,Gnabry,Catamo,Kane,Suárez
Internacional,Champions League,2025,PSV Eindhoven,Atlético de Madrid,"2:3
(1:1)",Kovar,Oblak,Gasiorowski,Hancko,Salah-Eddine,Pubill,Mauro Júnior,Ruggeri,Dest,Molina,Schouten,Koke,Veerman,Barrios,Wanner,González,Saibari,Simeone,Til,Alvarez,Driouech,Sørloth
Internacional,Champions League,2025,Tottenham Hotspur,SK Slavia Praga,"3:0
(1:0)",Vicario,Stanek,van de Ven,Zima,Romero,Ogbu,Spence,Chaloupek,Porro,Holes,Palhinha,Sadílek,Gray,Moses,Simons,Doudera,Odobert,Provod,Kudus,Sanyang,Richarlison,Chytil
Internacional,Champions League,2025,Inter de Milán,Liverpool FC,"0:1
(0:0)",Sommer,Alisson,Akanji,Konaté,Bastoni,van Dijk,Acerbi,Gomez,Dimarco,Robertson,Çalhanoğlu,Gravenberch,Barella,Mac Allister,Mkhitaryan,Jones,Luis Henri.,Szoboszlai,Martínez,Isak,Thuram,Ekitiké
Internacional,Champions League,2025,Union Saint-Gilloise,Olympique de Marsella,"2:3
(1:2)",Scherpen,Rulli,Leysen,Aguerd,Burgess,Emerson,Mac Allister,Murillo,Zorgane,Højbjerg,Schoofs,Vermeeren,Van De Perre,O'Riley,Khalaili,Weah,Niang,Paixão,Rodríguez,Greenwood,Florucz,Aubameyang
Internacional,Champions League,2025,AS Mónaco,Galatasaray,"1:0
(0:0)",Hradecky,Çakır,Salisu,Sánchez,Kehrer,Bardakcı,Caio Henri.,Jakobs,Vanderson,Sallai,Zakaria,Torreira,Camara,Sara,Golovin,Gündoğan,Minamino,Yılmaz,Akliouche,Sané,Balogun,Osimhen
Internacional,Champions League,2025,Atalanta de Bérgamo,Chelsea FC,"2:1
(0:1)",Carnesecchi,Sánchez,Kolasinac,Chalobah,Djimsiti,Badiashile,Kossounou,Cucurella,de Roon,Acheampong,Éderson,James,Bellanova,Caicedo,Bernasconi,Fernández,De Ketelaere,Gittens,Lookman,Neto,Scamacca,João Pedro
Internacional,Champions League,2025,FC Barcelona,Eintracht Fráncfort​​,"2:1
(0:1)",García,Zetterer,Martín,Koch,Cubarsí,Theate,Balde,Brown,Koundé,Kristensen,Pedri,Skhiri,López,Larsson,Raphinha,Chaïbi,Lamine Yamal,Götze,Lewandowski,Knauff,Wojciech Szczesny,Doan
Internacional,Champions League,2025,Villarreal CF,FC Copenhague,"2:3
(0:1)",Luiz Júnior,Kotarski,Veiga,Gabriel Pe.,Marín,Suzuki,Navarro,López,Pedraza,Zague,Comesaña,Clem,Gueye,Madsen,Moleiro,Robert,Pépé,Larsson,Buchanan,Elyounoussi,Mikautadze,Dadason
Internacional,Champions League,2025,Qarabağ FK,Ajax de Ámsterdam,"2:4
(1:1)",Kochalski,Jaros,Mustafazada,Bouwman,Medina,Baas,Cafarquliyev,Itakura,Matheus Si.,Gaaei,Bicalho,Rosa,Jankovic,Mokio,Zoubir,Steur,Addai,Gloukh,Leandro An.,Moro,Durán,Dolberg
Internacional,Champions League,2025,Club Brujas KV,Arsenal FC,"0:3
(0:1)",van den He.,Raya,Ordóñez,Hincapié,Mechele,White,Seys,Zubimendi,Siquet,Nørgaard,Stanković,Merino,Onyedika,Lewis-Skelly,Vanaken,Ødegaard,Tzolis,Martinelli,Forbs,Madueke,Tresoldi,Gyökeres
Internacional,Champions League,2025,Juventus de Turín,Pafos FC,"2:0
(0:0)",Di Gregorio,Michail,Kelly,Goldar,Kalulu,Luckassen,Cambiaso,David Luiz,Koopmeiners,Bruno,Locatelli,Šunjić,McKennie,Pêpê,Miretti,Dragomir,Yıldız,Orsic,Zhegrova,Correia,David,Anderson S.
Internacional,Champions League,2025,Athletic Club,París Saint-Germain FC,"0:0
(0:0)",Simón,Safonov,Vivian,Marquinhos,Berchiche,Pacho,Boiro,Mendes,Areso,Vitinha,Jauregizar,Neves,Ruiz de Ga.,Ruiz,Sancet,Mayulu,Williams,Zaïre-Emery,Berenguer,Kvaratskhe.,Guruzeta,Barcola
Internacional,Champions League,2025,Real Madrid CF,Manchester City,"1:2
(1:2)",Courtois,Donnarumma,Rüdiger,Dias,Asencio,Gvardiol,Carreras,O'Reilly,Tchouaméni,Nunes,Ceballos,González,Valverde,Foden,Bellingham,Silva,Vinicius J.,Cherki,Rodrygo,Doku,García,Haaland
Internacional,Champions League,2025,SL Benfica,SSC Nápoles,"2:0
(1:0)",Trubin,Milinković.,Araújo,Buongiorno,Otamendi,Beukema,Dahl,Rrahmani,Dedić,Olivera,Ríos,Di Lorenzo,Barrenechea,McTominay,Barreiro,Elmas,Aursnes,Lang,Sudakov,Neres,Ivanović,Højlund
Internacional,Champions League,2025,Bayer 04 Leverkusen,Newcastle United,"2:2
(1:0)",Flekken,Ramsdale,Quansah,Burn,Tapsoba,Thiaw,Grimaldo,Hall,Arthur,Livramento,Andrich,Tonali,García,Joelinton,Maza,Guimarães,Tillman,Gordon,Poku,Barnes,Schick,Woltemade
Internacional,Champions League,2025,Borussia Dortmund,FK Bodø/Glimt,"2:2
(1:1)",Kobel,Haikin,Anton,Aleesami,Bensebaini,Bjørtuft,Schlotterb.,Määttä,Anselmino,Sjøvold,Bellingham,Berg,Nmecha,Evjen,Couto,Fet,Brandt,Hauge,Beier,Blomberg,Silva,Høgh
Internacional,Champions League,2025,Kairat Almaty,Club Brujas KV,"1:4
(0:2)",Anarbekov,Jackers,Martynovich,Ordóñez,Sorokin,Mechele,Mata,Seys,Mrynskiy,Sabbe,Tapalov,Stanković,Glazer,Vetlesen,Kasabulat,Vanaken,Gromyko,Diakhon,Jorginho,Forbs,Edmilson,Vermant
Internacional,Champions League,2025,FK Bodø/Glimt,Manchester City,"3:1
(2:0)",Haikin,Donnarumma,Gundersen,Alleyne,Bjørtuft,Khusanov,Bjørkan,Aït-Nouri,Sjøvold,O'Reilly,Berg,Lewis,Evjen,Rodri,Fet,Reijnders,Hauge,Foden,Blomberg,Cherki,Høgh,Haaland
Internacional,Champions League,2025,FC Copenhague,SSC Nápoles,"1:1
(0:1)",Kotarski,Milinković.,Gabriel Pe.,Buongiorno,Suzuki,Juan Jesus,Meling,Gutiérrez,López,Spinazzola,Delaney,Di Lorenzo,Madsen,Lobotka,Achouri,McTominay,Elyounoussi,Elmas,Cornelius,Vergara,Dadason,Højlund
Internacional,Champions League,2025,Olympiacos El Pireo,Bayer 04 Leverkusen,"2:0
(2:0)",Tzolakis,Blaswich,Retsos,Quansah,Pirola,Badé,Ortega,Grimaldo,Rodinei,Vázquez,Costinha,Andrich,Hezze,Fernández,Mouzakitis,García,Chiquinho,Maza,Martins,Poku,Taremi,Kofane
Internacional,Champions League,2025,Tottenham Hotspur,Borussia Dortmund,"2:0
(2:0)",Vicario,Kobel,Romero,Anton,Danso,Bensebaini,Spence,Schlotterb.,Udogie,Svensson,Porro,Bellingham,Bergvall,Nmecha,Gray,Couto,Simons,Brandt,Odobert,Adeyemi,Solanke,Guirassy
Internacional,Champions League,2025,Inter de Milán,Arsenal FC,"1:3
(1:2)",Sommer,Raya,Akanji,Saliba,Acerbi,Mosquera,Bastoni,Timber,Dimarco,Zubimendi,Barella,Lewis-Skelly,Sučić,Merino,Zielinski,Eze,Luis Henri.,Trossard,Martínez,Saka,Thuram,Jesus
Internacional,Champions League,2025,Real Madrid CF,AS Mónaco,"6:1
(2:0)",Courtois,Köhn,Asencio,Dier,Huijsen,Kehrer,Tchouaméni,Caio Henri.,Valverde,Vanderson,Camavinga,Teze,Bellingham,Zakaria,Güler,Golovin,Vinicius J.,Fati,Mastantuono,Akliouche,Mbappé,Balogun
Internacional,Champions League,2025,Sporting de Lisboa,París Saint-Germain FC,"2:1
(0:0)",Silva,Chevalier,Inácio,Marquinhos,Matheus Reis,Pacho,Mangas,Mendes,Araújo,Vitinha,Fresneda,Mayulu,Morita,Ruiz,Simões,Zaïre-Emery,Trincão,Barcola,Catamo,Doué,Suárez,Dembélé
Internacional,Champions League,2025,Villarreal CF,Ajax de Ámsterdam,"1:2
(0:0)",Tenas,Jaros,Veiga,Bouwman,Marín,Baas,Cardona,Wijndal,Mouriño,Gaaei,Partey,Mokio,Comesaña,Regeer,Moleiro,Klaassen,Pépé,Gloukh,Oluwaseyi,Godts,Pérez,Dolberg
Internacional,Champions League,2025,Galatasaray,Atlético de Madrid,"1:1
(1:1)",Çakır,Oblak,Sánchez,Hancko,Bardakcı,Pubill,Elmalı,Ruggeri,Sallai,Llorente,Lemina,Koke,Torreira,Barrios,Yılmaz,Almada,Akgün,Simeone,Sané,Alvarez,Osimhen,Sørloth
Internacional,Champions League,2025,Qarabağ FK,Eintracht Fráncfort​​,"3:2
(1:1)",Kochalski,Santos,Mustafazada,Koch,Medina,Theate,Cafarquliyev,Collins,Matheus Si.,Brown,Bicalho,Kristensen,Jankovic,Skhiri,Montiel,Larsson,Zoubir,Uzun,Leandro An.,Doan,Durán,Knauff
Internacional,Champions League,2025,Juventus de Turín,SL Benfica,"2:0
(0:0)",Di Gregorio,Trubin,Kelly,Araújo,Bremer,Otamendi,Kalulu,Dahl,Cambiaso,Dedić,Locatelli,Barreiro,Miretti,Aursnes,McKennie,Sudakov,Thuram,Schjelderup,Yıldız,Prestianni,David,Pavlidis
Internacional,Champions League,2025,Olympique de Marsella,Liverpool FC,"0:3
(0:1)",Rulli,Alisson,Balerdi,Gomez,Medina,van Dijk,Pavard,Kerkez,Murillo,Frimpong,Kondogbia,Gravenberch,Højbjerg,Mac Allister,Weah,Szoboszlai,Traoré,Wirtz,Greenwood,Salah,Gouiri,Ekitiké
Internacional,Champions League,2025,SK Slavia Praga,FC Barcelona,"2:4
(2:2)",Stanek,García,Zima,Martín,Chaloupek,Balde,Holes,Koundé,Sadílek,de Jong,Oscar,Pedri,Moses,López,Provod,Raphinha,Sanyang,Bardghji,Kusej,Lewandowski,Chory,Diego Kochen
Internacional,Champions League,2025,Chelsea FC,Pafos FC,"1:0
(0:0)",Jørgensen,Gorter,Badiashile,Luckassen,Fofana,Pileas,Hato,Sema,James,Bruno,Gusto,Šunjić,Caicedo,Pêpê,Fernández,Dragomir,Garnacho,Orsic,Neto,Jajá,Delap,Anderson S.
Internacional,Champions League,2025,Bayern Múnich,Union Saint-Gilloise,"2:0
(0:0)",Neuer,Scherpen,Kim,Burgess,Tah,Mac Allister,Guerreiro,Sykes,Pavlovic,Van De Perre,Kimmich,Zorgane,Bischof,Khalaili,Karl,Ait El Hadj,Díaz,Smith,Olise,David,Kane,Florucz
Internacional,Champions League,2025,Atalanta de Bérgamo,Athletic Club,"2:3
(1:0)",Carnesecchi,Simón,Kossounou,Paredes,Kolasinac,Vivian,Djimsiti,Boiro,de Roon,Lekue,Éderson,Gorosabel,Zappacosta,Jauregizar,Bernasconi,Rego,Zalewski,Gómez,De Ketelaere,Navarro,Scamacca,Guruzeta
Internacional,Champions League,2025,Newcastle United,PSV Eindhoven,"3:0
(2:0)",Pope,Kovar,Botman,Gasiorowski,Thiaw,Salah-Eddine,Hall,Mauro Júnior,Trippier,Sildillia,Tonali,Schouten,Guimarães,Wanner,Joelinton,Veerman,Gordon,Til,Barnes,Perišić,Wissa,Man
Internacional,Champions League,2025,SSC Nápoles,Chelsea FC,"2:3
(2:1)",Meret,Sánchez,Buongiorno,Fofana,Juan Jesus,Cucurella,Spinazzola,Gusto,Olivera,James,Di Lorenzo,Caicedo,Lobotka,Fernández,McTominay,Santos,Elmas,Estêvão,Vergara,Neto,Højlund,João Pedro
Internacional,Champions League,2025,Athletic Club,Sporting de Lisboa,"2:3
(2:1)",Simón,Silva,Paredes,Inácio,Berchiche,Diomande,Boiro,Araújo,Gorosabel,Fresneda,Ruiz de Ga.,Hjulmand,Rego,Bragança,Sancet,Simões,Gómez,Trincão,Navarro,Catamo,Guruzeta,Suárez
Internacional,Champions League,2025,PSV Eindhoven,Bayern Múnich,"1:2
(0:0)",Kovar,Urbig,Obispo,Tah,Mauro Júnior,Upamecano,Dest,Ito,Schouten,Kimmich,Veerman,Pavlovic,Wanner,Bischof,Saibari,Musiala,Til,Karl,Perišić,Díaz,Man,Jackson
Internacional,Champions League,2025,Club Brujas KV,Olympique de Marsella,"3:0
(2:0)",Mignolet,Rulli,Ordóñez,Aguerd,Mechele,Balerdi,Seys,Medina,Sabbe,Murillo,Stanković,Højbjerg,Onyedika,Kondogbia,Vanaken,Weah,Diakhon,Traoré,Forbs,Greenwood,Vermant,Gouiri
Internacional,Champions League,2025,Eintracht Fráncfort​​,Tottenham Hotspur,"0:2
(0:0)",Santos,Vicario,Koch,Romero,Theate,Danso,Amenda,Spence,Brown,Udogie,Buta,Palhinha,Skhiri,Sarr,Larsson,Gray,Højlund,Simons,Götze,Odobert,Knauff,Kolo Muani
Internacional,Champions League,2025,AS Mónaco,Juventus de Turín,"0:0
(0:0)",Köhn,Perin,Kehrer,Kelly,Caio Henri.,Kalulu,Teze,Bremer,Vanderson,Cabal,Zakaria,Koopmeiners,Camara,Miretti,Coulibaly,McKennie,Golovin,Thuram,Akliouche,Conceição,Balogun,Openda
Internacional,Champions League,2025,Borussia Dortmund,Inter de Milán,"0:2
(0:0)",Kobel,Sommer,Can,Acerbi,Schlotterb.,Akanji,Mane,Bisseck,Bensebaini,Dimarco,Ryerson,Zielinski,Nmecha,Mkhitaryan,Bellingham,Sučić,Guirassy,Luis Henri.,Beier,Thuram,Silva,Bonny
Internacional,Champions League,2025,París Saint-Germain FC,Newcastle United,"1:1
(1:1)",Safonov,Pope,Marquinhos,Botman,Pacho,Burn,Mendes,Thiaw,Hakimi,Hall,Vitinha,Tonali,Zaïre-Emery,Willock,Neves,Miley,Barcola,Ramsey,Kvaratskhe.,Elanga,Dembélé,Woltemade
Internacional,Champions League,2025,Manchester City,Galatasaray,"2:0
(2:0)",Donnarumma,Çakır,Aké,Sánchez,Khusanov,Bardakcı,Aït-Nouri,Jakobs,O'Reilly,Sallai,Nunes,Lemina,Cherki,Gündoğan,Silva,Sara,Doku,Yılmaz,Haaland,Sané,Marmoush,Osimhen
Internacional,Champions League,2025,Union Saint-Gilloise,Atalanta de Bérgamo,"1:0
(0:0)",Scherpen,Sportiello,Burgess,Hien,Mac Allister,Kossounou,Sykes,Ahanor,Patris,Musah,Zorgane,Éderson,Van De Perre,Zappacosta,Khalaili,Bernasconi,Ait El Hadj,Samardžić,Smith,Lookman,Florucz,Krstović
Internacional,Champions League,2025,Liverpool FC,Qarabağ FK,"6:0
(2:0)",Alisson,Kochalski,van Dijk,Mustafazada,Robertson,Medina,Frimpong,Cafarquliyev,Gravenberch,Matheus Si.,Mac Allister,Bicalho,Wirtz,Jankovic,Szoboszlai,Montiel,Gakpo,Zoubir,Salah,Leandro An.,Ekitiké,Durán
Internacional,Champions League,2025,SL Benfica,Real Madrid CF,"4:2
(2:1)",Trubin,Courtois,Araújo,Asencio,Otamendi,Huijsen,Dahl,Carreras,Dedić,Tchouaméni,Barreiro,Valverde,Aursnes,Güler,Sudakov,Bellingham,Schjelderup,Vinicius J.,Prestianni,Mastantuono,Pavlidis,Mbappé
Internacional,Champions League,2025,Atlético de Madrid,FK Bodø/Glimt,"1:2
(1:1)",Oblak,Haikin,Giménez,Gundersen,Pubill,Bjørtuft,Hancko,Bjørkan,Llorente,Sjøvold,Koke,Berg,Barrios,Fet,González,Evjen,Baena,Hauge,Alvarez,Blomberg,Sørloth,Høgh
Internacional,Champions League,2025,Bayer 04 Leverkusen,Villarreal CF,"3:0
(2:0)",Blaswich,Tenas,Quansah,Veiga,Badé,Marín,Grimaldo,Navarro,Vázquez,Cardona,Andrich,Partey,Fernández,Diatta,García,Comesaña,Maza,Pépé,Tillman,Buchanan,Schick,Oluwaseyi
Internacional,Champions League,2025,Arsenal FC,Kairat Almaty,"3:2
(3:1)",Arrizabalaga,Anarbekov,Mosquera,Martynovich,Calafiori,Shirobokov,White,Sorokin,Nørgaard,Mata,Lewis-Skelly,Tapalov,Eze,Mrynskiy,Martinelli,Sadybekov,Madueke,Glazer,Havertz,Jorginho,Gyökeres,Edmilson
Internacional,Champions League,2025,FC Barcelona,FC Copenhague,"4:1
(0:1)",García,Kotarski,Martín,Gabriel Pe.,Cubarsí,Suzuki,Balde,Hatzidiakos,Koundé,Meling,Olmo,López,López,Clem,Raphinha,Achouri,Lamine Yamal,Larsson,Lewandowski,Elyounoussi,Diego Kochen,Dadason
Internacional,Champions League,2025,Ajax de Ámsterdam,Olympiacos El Pireo,"1:2
(0:0)",Jaros,Tzolakis,Sutalo,Pirola,Baas,Retsos,Wijndal,Ortega,Gaaei,Costinha,Regeer,Rodinei,Klaassen,Hezze,Steur,Mouzakitis,Gloukh,Martins,Godts,El Kaabi,Dolberg,Taremi
Internacional,Champions League,2025,Pafos FC,SK Slavia Praga,"4:1
(1:1)",Gorter,Stanek,Luckassen,Zima,David Luiz,Ogbu,Pileas,Chaloupek,Bruno,Mbodji,Quina,Oscar,Pêpê,Sadílek,Dragomir,Doudera,Orsic,Muhammed C.,Jajá,Provod,Anderson S.,Prekop
Internacional,Champions League,2025,Galatasaray,Juventus de Turín,"5:2
(1:2)",Çakır,Di Gregorio,Sánchez,Kelly,Bardakcı,Kalulu,Jakobs,Bremer,Sallai,Cambiaso,Torreira,Locatelli,Sara,Koopmeiners,Lang,Thuram,Yılmaz,McKennie,Akgün,Yıldız,Osimhen,Conceição
Internacional,Champions League,2025,AS Mónaco,París Saint-Germain FC,"2:3
(2:2)",Köhn,Safonov,Faes,Marquinhos,Caio Henri.,Pacho,Teze,Mendes,Vanderson,Hakimi,Zakaria,Vitinha,Camara,Zaïre-Emery,Golovin,Neves,Adingra,Barcola,Akliouche,Kvaratskhe.,Balogun,Dembélé
Internacional,Champions League,2025,SL Benfica,Real Madrid CF,"0:1
(0:0)",Trubin,Courtois,Araújo,Rüdiger,Otamendi,Huijsen,Dahl,Carreras,Dedić,Alexander-.,Barreiro,Tchouaméni,Aursnes,Camavinga,Schjelderup,Valverde,Prestianni,Güler,Rafa Silva,Vinicius J.,Pavlidis,Mbappé
Internacional,Champions League,2025,Borussia Dortmund,Atalanta de Bérgamo,"2:0
(2:0)",Kobel,Carnesecchi,Reggiani,Djimsiti,Anton,Kossounou,Bensebaini,Kolasinac,Svensson,de Roon,Ryerson,Pašalić,Nmecha,Éderson,Bellingham,Zappacosta,Brandt,Bernasconi,Guirassy,Zalewski,Beier,Scamacca
Internacional,Champions League,2025,Qarabağ FK,Newcastle United,"1:6
(0:5)",Kochalski,Pope,Mustafazada,Burn,Medina,Thiaw,Cafarquliyev,Hall,Matheus Si.,Trippier,Bicalho,Tonali,Jankovic,Willock,Montiel,Barnes,Zoubir,Gordon,Leandro An.,Elanga,Durán,Woltemade
Internacional,Champions League,2025,Club Brujas KV,Atlético de Madrid,"3:3
(0:2)",Mignolet,Oblak,Ordóñez,Hancko,Mechele,Pubill,Seys,Ruggeri,Sabbe,Molina,Stanković,Llorente,Onyedika,Koke,Vanaken,Lookman,Diakhon,Simeone,Tzolis,Griezmann,Tresoldi,Alvarez
Internacional,Champions League,2025,FK Bodø/Glimt,Inter de Milán,"3:1
(1:1)",Haikin,Sommer,Gundersen,Akanji,Bjørtuft,Bastoni,Bjørkan,Acerbi,Sjøvold,Carlos Aug.,Berg,Darmian,Evjen,Sučić,Fet,Mkhitaryan,Hauge,Barella,Blomberg,Esposito,Høgh,Martínez
Internacional,Champions League,2025,Olympiacos El Pireo,Bayer 04 Leverkusen,"0:2
(0:0)",Tzolakis,Blaswich,Retsos,Quansah,Pirola,Tapsoba,Ortega,Grimaldo,Rodinei,Vázquez,Hezze,Andrich,Mouzakitis,Palacios,Podence,García,Martins,Maza,El Kaabi,Poku,Taremi,Schick
Internacional,Champions League,2025,Atlético de Madrid,Club Brujas KV,"4:1
(1:1)",Oblak,Mignolet,Hancko,Ordóñez,Pubill,Mechele,Ruggeri,Seys,Llorente,Sabbe,Koke,Stanković,Cardoso,Vetlesen,Baena,Vanaken,Simeone,Tzolis,Alvarez,Forbs,Sørloth,Tresoldi
Internacional,Champions League,2025,Newcastle United,Qarabağ FK,"3:2
(2:0)",Ramsdale,Kochalski,Botman,Hüseynov,Burn,Medina,Murphy,Cafarquliyev,Trippier,Dani Bolt,Tonali,Matheus Si.,Joelinton,Bicalho,Barnes,Jankovic,Woltemade,Montiel,Osula,Zoubir,Aidan Harris,Durán
Internacional,Champions League,2025,Inter de Milán,FK Bodø/Glimt,"1:2
(0:0)",Sommer,Haikin,Bisseck,Gundersen,Akanji,Bjørtuft,Bastoni,Bjørkan,Dimarco,Sjøvold,Frattesi,Berg,Zielinski,Evjen,Barella,Fet,Luis Henri.,Hauge,Thuram,Blomberg,Esposito,Høgh
Internacional,Champions League,2025,Bayer 04 Leverkusen,Olympiacos El Pireo,"0:0
(0:0)",Blaswich,Tzolakis,Quansah,Pirola,Tapsoba,Retsos,Grimaldo,Ortega,Vázquez,Rodinei,Andrich,Hezze,Palacios,García,García,Mouzakitis,Maza,Chiquinho,Hofmann,Martins,Schick,Taremi
Internacional,Champions League,2025,Atalanta de Bérgamo,Borussia Dortmund,"4:1
(2:0)",Carnesecchi,Kobel,Hien,Anton,Kolasinac,Bensebaini,Scalvini,Can,de Roon,Svensson,Pašalić,Ryerson,Zappacosta,Bellingham,Bernasconi,Nmecha,Zalewski,Brandt,Samardžić,Beier,Scamacca,Guirassy
Internacional,Champions League,2025,París Saint-Germain FC,AS Mónaco,"2:2
(0:1)",Safonov,Köhn,Marquinhos,Faes,Pacho,Kehrer,Mendes,Caio Henri.,Hakimi,Vanderson,Vitinha,Zakaria,Zaïre-Emery,Bamba,Neves,Camara,Barcola,Coulibaly,Kvaratskhe.,Akliouche,Doué,Balogun
Internacional,Champions League,2025,Juventus de Turín,Galatasaray,"3:2
pró.",Perin,Çakır,Kelly,Sánchez,Kalulu,Bardakcı,Gatti,Jakobs,Locatelli,Sallai,Koopmeiners,Lemina,Thuram,Torreira,McKennie,Sara,Yıldız,Lang,Conceição,Yılmaz,David,Osimhen
Internacional,Champions League,2025,Real Madrid CF,SL Benfica,"2:1
(1:1)",Courtois,Trubin,Rüdiger,Araújo,Asencio,Otamendi,Carreras,Dahl,Alexander-.,Dedić,Tchouaméni,Ríos,Camavinga,Barreiro,Valverde,Aursnes,Güler,Schjelderup,Vinicius J.,Rafa Silva,García,Pavlidis
Internacional,Champions League,2025,Galatasaray,Liverpool FC,"1:0
(1:0)",Çakır,Mamardashv.,Sánchez,Konaté,Bardakcı,van Dijk,Singo,Gomez,Jakobs,Kerkez,Lemina,Gravenberch,Torreira,Mac Allister,Sara,Wirtz,Lang,Szoboszlai,Yılmaz,Salah,Osimhen,Ekitiké
Internacional,Champions League,2025,Atalanta de Bérgamo,Bayern Múnich,"1:6
(0:3)",Carnesecchi,Urbig,Hien,Tah,Kolasinac,Upamecano,de Roon,Stanisic,Pašalić,Laimer,Zappacosta,Kimmich,Zalewski,Pavlovic,Bernasconi,Díaz,Sulemana,Olise,Krstović,Gnabry,Scamacca,Jackson
Internacional,Champions League,2025,Newcastle United,FC Barcelona,"1:1
(0:0)",Ramsdale,García,Burn,Martín,Thiaw,Cubarsí,Hall,Araujo,Trippier,Cancelo,Tonali,Bernal,Joelinton,Pedri,Ramsey,López,Barnes,Raphinha,Elanga,Lamine Yamal,Osula,Lewandowski
Internacional,Champions League,2025,Atlético de Madrid,Tottenham Hotspur,"5:2
(4:1)",Oblak,Kinský,Hancko,Romero,Pubill,van de Ven,Le Normand,Danso,Ruggeri,Spence,Llorente,Porro,Cardoso,Sarr,Lookman,Gray,Simeone,Tel,Griezmann,Kolo Muani,Alvarez,Richarlison
Internacional,Champions League,2025,Bayer 04 Leverkusen,Arsenal FC,"1:1
(0:0)",Blaswich,Raya,Quansah,Saliba,Tapsoba,Hincapié,Grimaldo,Gabriel,Andrich,Timber,Palacios,Zubimendi,García,Rice,Maza,Eze,Terrier,Martinelli,Poku,Saka,Kofane,Gyökeres
Internacional,Champions League,2025,París Saint-Germain FC,Chelsea FC,"5:2
(2:1)",Safonov,Jørgensen,Marquinhos,Chalobah,Pacho,Fofana,Mendes,Cucurella,Hakimi,James,Vitinha,Gusto,Zaïre-Emery,Caicedo,Neves,Fernández,Barcola,Palmer,Doué,Neto,Dembélé,João Pedro
Internacional,Champions League,2025,Real Madrid CF,Manchester City,"3:0
(3:0)",Courtois,Donnarumma,Rüdiger,Dias,Huijsen,Guéhi,Mendy,Khusanov,Alexander-.,O'Reilly,Tchouaméni,Rodri,Valverde,Silva,Pitarch,Doku,Güler,Savinho,Vinicius J.,Semenyo,Díaz,Haaland
Internacional,Champions League,2025,FK Bodø/Glimt,Sporting de Lisboa,"3:0
(2:0)",Haikin,Silva,Gundersen,Diomande,Bjørtuft,Inácio,Bjørkan,Vagiannidis,Sjøvold,Fresneda,Berg,Hjulmand,Evjen,Simões,Fet,Trincão,Hauge,Catamo,Blomberg,Guilherme,Høgh,Suárez
Internacional,Champions League,2025,Sporting de Lisboa,FK Bodø/Glimt,"5:0
pró.",Silva,Haikin,Quaresma,Gundersen,Inácio,Bjørtuft,Araújo,Bjørkan,Fresneda,Sjøvold,Hjulmand,Berg,Morita,Evjen,Trincão,Fet,Gonçalves,Hauge,Catamo,Blomberg,Suárez,Høgh
Internacional,Champions League,2025,Chelsea FC,París Saint-Germain FC,"0:3
(0:2)",Sánchez,Safonov,Chalobah,Marquinhos,Sarr,Pacho,Hato,Mendes,Cucurella,Hakimi,Caicedo,Vitinha,Fernández,Zaïre-Emery,Santos,Neves,Palmer,Kvaratskhe.,Neto,Barcola,João Pedro,Dembélé
Internacional,Champions League,2025,Manchester City,Real Madrid CF,"1:2
(1:1)",Donnarumma,Courtois,Dias,Rüdiger,Khusanov,Huijsen,Aït-Nouri,García,Nunes,Alexander-.,Rodri,Tchouaméni,Reijnders,Valverde,Cherki,Pitarch,Silva,Güler,Doku,Vinicius J.,Haaland,Díaz
Internacional,Champions League,2025,Arsenal FC,Bayer 04 Leverkusen,"2:0
(1:0)",Raya,Blaswich,Saliba,Quansah,Gabriel,Tapsoba,Hincapié,Grimaldo,White,Andrich,Zubimendi,Palacios,Rice,García,Eze,Maza,Trossard,Terrier,Saka,Poku,Gyökeres,Kofane
Internacional,Champions League,2025,FC Barcelona,Newcastle United,"7:2
(3:2)",García,Ramsdale,Martín,Burn,Cubarsí,Thiaw,Cancelo,Hall,Bernal,Trippier,Pedri,Tonali,López,Ramsey,Raphinha,Joelinton,Lamine Yamal,Barnes,Lewandowski,Gordon,Diego Kochen,Elanga
Internacional,Champions League,2025,Liverpool FC,Galatasaray,"4:0
(1:0)",Alisson,Çakır,Konaté,Bardakcı,van Dijk,Singo,Kerkez,Jakobs,Frimpong,Boey,Gravenberch,Sallai,Mac Allister,Lemina,Wirtz,Torreira,Szoboszlai,Sara,Salah,Yılmaz,Ekitiké,Osimhen
Internacional,Champions League,2025,Bayern Múnich,Atalanta de Bérgamo,"4:1
(1:0)",Urbig,Sportiello,Kim,Hien,Tah,Kossounou,Guerreiro,Scalvini,Stanisic,Éderson,Pavlovic,Pašalić,Goretzka,Bellanova,Bischof,Bernasconi,Karl,De Ketelaere,Díaz,Sulemana,Kane,Scamacca
Internacional,Champions League,2025,Tottenham Hotspur,Atlético de Madrid,"3:2
(1:0)",Vicario,Musso,Romero,Hancko,van de Ven,Le Normand,Drăgușin,Ruggeri,Spence,Llorente,Porro,Molina,Sarr,Cardoso,Gray,Lookman,Simons,Simeone,Kolo Muani,Griezmann,Tel,Alvarez
Internacional,Champions League,2025,Real Madrid CF,Bayern Múnich,"1:2
(0:1)",Lunin,Neuer,Rüdiger,Tah,Huijsen,Upamecano,Carreras,Stanisic,Alexander-.,Laimer,Tchouaméni,Kimmich,Valverde,Pavlovic,Pitarch,Díaz,Güler,Olise,Vinicius J.,Gnabry,Mbappé,Kane
Internacional,Champions League,2025,Sporting de Lisboa,Arsenal FC,"0:1
(0:0)",Silva,Raya,Diomande,Saliba,Inácio,Gabriel,Araújo,Calafiori,Fresneda,White,Morita,Zubimendi,Simões,Rice,Trincão,Ødegaard,Gonçalves,Trossard,Catamo,Madueke,Suárez,Gyökeres
Internacional,Champions League,2025,París Saint-Germain FC,Liverpool FC,"2:0
(1:0)",Safonov,Mamardashv.,Marquinhos,Gomez,Pacho,Konaté,Mendes,van Dijk,Hakimi,Kerkez,Vitinha,Frimpong,Zaïre-Emery,Gravenberch,Neves,Mac Allister,Kvaratskhe.,Wirtz,Doué,Szoboszlai,Dembélé,Ekitiké
Internacional,Champions League,2025,FC Barcelona,Atlético de Madrid,"0:2
(0:1)",García,Musso,Martín,Hancko,Cubarsí,Le Normand,Koundé,Ruggeri,Cancelo,Molina,Pedri,Llorente,Olmo,Koke,Rashford,Lookman,Lamine Yamal,Simeone,Lewandowski,Griezmann,Diego Kochen,Alvarez
Internacional,Champions League,2025,Liverpool FC,París Saint-Germain FC,"0:2
(0:0)",Mamardashv.,Safonov,Konaté,Marquinhos,van Dijk,Pacho,Kerkez,Mendes,Frimpong,Hakimi,Gravenberch,Vitinha,Mac Allister,Zaïre-Emery,Wirtz,Neves,Szoboszlai,Kvaratskhe.,Isak,Doué,Ekitiké,Dembélé
Internacional,Champions League,2025,Atlético de Madrid,FC Barcelona,"1:2
(1:2)",Musso,García,Lenglet,Martín,Le Normand,Koundé,Ruggeri,Cancelo,Molina,Gavi,Llorente,Pedri,Koke,Olmo,Lookman,López,Simeone,Lamine Yamal,Griezmann,Torres,Alvarez,Diego Kochen
Internacional,Champions League,2025,Bayern Múnich,Real Madrid CF,"4:3
(2:3)",Neuer,Lunin,Tah,Rüdiger,Upamecano,Militão,Laimer,Mendy,Stanisic,Alexander-.,Kimmich,Valverde,Pavlovic,Güler,Díaz,Bellingham,Olise,Vinicius J.,Gnabry,Díaz,Kane,Mbappé
Internacional,Champions League,2025,Arsenal FC,Sporting de Lisboa,"0:0
(0:0)",Raya,Silva,Saliba,Inácio,Mosquera,Diomande,Hincapié,Quaresma,Gabriel,Araújo,Zubimendi,Hjulmand,Rice,Morita,Eze,Trincão,Martinelli,Gonçalves,Madueke,Catamo,Gyökeres,Suárez
Internacional,Champions League,2025,París Saint-Germain FC,Bayern Múnich,"5:4
(3:2)",Safonov,Neuer,Marquinhos,Tah,Pacho,Upamecano,Mendes,Davies,Hakimi,Stanisic,Vitinha,Pavlovic,Zaïre-Emery,Kimmich,Neves,Musiala,Kvaratskhe.,Díaz,Doué,Olise,Dembélé,Kane
Internacional,Champions League,2025,Atlético de Madrid,Arsenal FC,"1:1
(0:1)",Oblak,Raya,Hancko,Saliba,Pubill,Gabriel,Ruggeri,Hincapié,Llorente,White,Koke,Zubimendi,Cardoso,Rice,Lookman,Ødegaard,Simeone,Martinelli,Griezmann,Madueke,Alvarez,Gyökeres
Internacional,Champions League,2025,Arsenal FC,Atlético de Madrid,"1:0
(1:0)",Raya,Oblak,Saliba,Hancko,Gabriel,Le Normand,Calafiori,Pubill,White,Ruggeri,Lewis-Skelly,Llorente,Rice,Koke,Eze,Lookman,Trossard,Simeone,Saka,Griezmann,Gyökeres,Alvarez
Internacional,Champions League,2025,Bayern Múnich,París Saint-Germain FC,"1:1
(0:1)",Neuer,Safonov,Tah,Marquinhos,Upamecano,Pacho,Laimer,Mendes,Stanisic,Vitinha,Pavlovic,Ruiz,Kimmich,Neves,Musiala,Zaïre-Emery,Díaz,Kvaratskhe.,Olise,Doué,Kane,Dembélé
Internacional,Champions League,2025,París Saint-Germain FC,Arsenal FC,"5:4
pen.",Safonov,Raya,Marquinhos,Saliba,Pacho,Gabriel,Mendes,Hincapié,Hakimi,Mosquera,Vitinha,Rice,Neves,Lewis-Skelly,Ruiz,Ødegaard,Kvaratskhe.,Trossard,Doué,Saka,Dembélé,Havertz
